<?xml version="1.0" encoding="UTF-8" standalone="yes"?>
<addon id="script.hello.rogue" name="Hello Rogue" version="1.0.0" provider-name="stiles">
    <extension point="xbmc.addon.repository" name="Example Repository">
        <dir>
            <info compressed="false">https://raw.githubusercontent.com/stiles69/roguerepo/master/zips/addons.xml</info>
            <checksum>https://raw.githubusercontent.com/stiles69/roguerepo/master/zips/addons.xml.md5</checksum>
            <datadir zip="true">https://raw.githubusercontent.com/stiles69/roguerepo/master/zips/</datadir>
        </dir>
    </extension>
    <extension point="xbmc.addon.metadata">
        <summary>Rogue Repository</summary>
        <description>Kodi Personal Repository</description>
        <disclaimer></disclaimer>
        <platform>all</platform>
        <assets>
            <icon>icon.png</icon>
            <fanart>fanart.jpg</fanart>
        </assets>
    </extension>
</addon>
